{
  "input_id": 22,
  "input_text": "The longest river in the world is",
  "seq_len": 8,
  "hidden_size": 4096,
  "special_node_idx": 3241,
  "special_node_score": 0.007561869919300079,
  "top_k_tokens": [
    "the",
    "not",
    "also",
    "?",
    "actually",
    "a",
    ":",
    "considered",
    "by",
    "located"
  ],
  "top_k_probs": [
    0.9685146808624268,
    0.0052483659237623215,
    0.0025134955067187548,
    0.0021059506107121706,
    0.002087118336930871,
    0.0016150886658579111,
    0.0009034615359269083,
    0.0008427670691162348,
    0.0008397633209824562,
    0.0008165334002114832
  ]
}