{
  "input_id": 5,
  "input_text": "The chemical symbol for gold is",
  "seq_len": 7,
  "hidden_size": 4096,
  "special_node_idx": 3556,
  "special_node_score": 0.0038667875342071056,
  "top_k_tokens": [
    "Au",
    "A",
    "Ag",
    "A",
    "simply",
    "\n",
    "Aur",
    "At",
    "\u00c1",
    "\u0410"
  ],
  "top_k_probs": [
    0.9913066029548645,
    0.0015648604603484273,
    0.0013585529522970319,
    0.0009897861164063215,
    0.0006912351818755269,
    0.0005851472960785031,
    0.00036620377795770764,
    0.00019189012527931482,
    0.0001863408397184685,
    0.00016419964958913624
  ]
}