{
  "input_id": 8,
  "input_text": "Water boils at what temperature",
  "seq_len": 7,
  "hidden_size": 4096,
  "special_node_idx": 1360,
  "special_node_score": 0.01675105094909668,
  "top_k_tokens": [
    "?",
    "and",
    ",",
    "in",
    "\n",
    "on",
    "depends",
    "is",
    ".",
    "exactly"
  ],
  "top_k_probs": [
    0.9293559193611145,
    0.023401355370879173,
    0.014163350686430931,
    0.007324621547013521,
    0.005867386236786842,
    0.003677105763927102,
    0.003543972736224532,
    0.00143963482696563,
    0.0012374358484521508,
    0.0011058513773605227
  ]
}