{
  "input_id": 18,
  "input_text": "The Amazon rainforest is primarily located in",
  "seq_len": 10,
  "hidden_size": 4096,
  "special_node_idx": 3556,
  "special_node_score": 0.19747593998908997,
  "top_k_tokens": [
    "which",
    "Brazil",
    ":",
    "South",
    "what",
    "the",
    "_",
    "Amazon",
    "nine",
    "\n"
  ],
  "top_k_probs": [
    0.5526973605155945,
    0.27002212405204773,
    0.08842980861663818,
    0.037895675748586655,
    0.01843189261853695,
    0.01668412610888481,
    0.009401743300259113,
    0.0010855040745809674,
    0.0005643704207614064,
    0.0004740407457575202
  ]
}