{
  "input_id": 13,
  "input_text": "The inventor of the telephone was",
  "seq_len": 9,
  "hidden_size": 4096,
  "special_node_idx": 3556,
  "special_node_score": 0.06367448717355728,
  "top_k_tokens": [
    "Alexander",
    "not",
    "a",
    "Antonio",
    "born",
    ":",
    "\n",
    "an",
    "Bell",
    "..."
  ],
  "top_k_probs": [
    0.8650976419448853,
    0.03432387486100197,
    0.021742992103099823,
    0.01286313310265541,
    0.01142131444066763,
    0.0055832639336586,
    0.00396006740629673,
    0.002868989948183298,
    0.0025516205932945013,
    0.002519902540370822
  ]
}