{
  "input_id": 25,
  "input_text": "The first person to walk on the moon was",
  "seq_len": 10,
  "hidden_size": 4096,
  "special_node_idx": 1573,
  "special_node_score": 0.029618948698043823,
  "top_k_tokens": [
    "Neil",
    "Ed",
    "\n",
    "_",
    "Ne",
    "...",
    "NASA",
    "a",
    "not",
    "American"
  ],
  "top_k_probs": [
    0.9105620980262756,
    0.013908625580370426,
    0.010840709321200848,
    0.009339377284049988,
    0.0067598856985569,
    0.005899249110370874,
    0.004934618249535561,
    0.004097634926438332,
    0.0038805026561021805,
    0.003019240451976657
  ]
}