{
  "input_id": 1,
  "input_text": "The capital of France is",
  "seq_len": 6,
  "hidden_size": 4096,
  "special_node_idx": 3556,
  "special_node_score": 0.04083732143044472,
  "top_k_tokens": [
    "Paris",
    "a",
    "known",
    "located",
    "called",
    "the",
    "...",
    "an",
    "not",
    "named"
  ],
  "top_k_probs": [
    0.8930634260177612,
    0.03454114869236946,
    0.009684574790298939,
    0.007015948183834553,
    0.005535825155675411,
    0.004277734085917473,
    0.0034582926891744137,
    0.0031993191223591566,
    0.002835734747350216,
    0.0023090422619134188
  ]
}