{
  "input_id": 1,
  "input_text": "The capital of France is the",
  "seq_len": 7,
  "hidden_size": 4096,
  "special_node_idx": 1360,
  "special_node_score": 0.04963352903723717,
  "top_k_tokens": [
    "city",
    "most",
    "City",
    "beautiful",
    "historic",
    "famous",
    "largest",
    "icon",
    "center",
    "heart"
  ],
  "top_k_probs": [
    0.2801651954650879,
    0.09403242915868759,
    0.08629485219717026,
    0.062386151403188705,
    0.04011579602956772,
    0.0394899807870388,
    0.022853674367070198,
    0.010691176168620586,
    0.009156707674264908,
    0.008496236056089401
  ]
}