{
  "input_id": 12,
  "input_text": "Mount Everest is located in",
  "seq_len": 7,
  "hidden_size": 4096,
  "special_node_idx": 1839,
  "special_node_score": 0.08383790403604507,
  "top_k_tokens": [
    "the",
    "which",
    "Nep",
    "between",
    "Tib",
    "what",
    "Asia",
    "Sol",
    "?",
    ":"
  ],
  "top_k_probs": [
    0.731712281703949,
    0.15177872776985168,
    0.09785637259483337,
    0.00404205871745944,
    0.0027446902822703123,
    0.0014557060785591602,
    0.0012113751145079732,
    0.0007522962405346334,
    0.0007283325539901853,
    0.0006415134994313121
  ]
}