{
  "input_id": 21,
  "input_text": "The Mona Lisa was painted by",
  "seq_len": 8,
  "hidden_size": 4096,
  "special_node_idx": 3556,
  "special_node_score": 0.009859389625489712,
  "top_k_tokens": [
    "Leon",
    "the",
    ":",
    "Italian",
    "an",
    "a",
    "one",
    "da",
    "Lisa",
    "artist"
  ],
  "top_k_probs": [
    0.9769040942192078,
    0.009633456356823444,
    0.0021849768236279488,
    0.0015869189519435167,
    0.0013761526206508279,
    0.0012159048346802592,
    0.0004524767864495516,
    0.0003306765283923596,
    0.00030640620389021933,
    0.00030189467361196876
  ]
}