{
  "input_id": 17,
  "input_text": "Gravity was discovered by",
  "seq_len": 6,
  "hidden_size": 4096,
  "special_node_idx": 1573,
  "special_node_score": 0.0552116334438324,
  "top_k_tokens": [
    "Isaac",
    "Sir",
    "Gal",
    ":",
    "...",
    "\n",
    "a",
    "Albert",
    "an",
    "_"
  ],
  "top_k_probs": [
    0.2508898675441742,
    0.1693635880947113,
    0.07605184614658356,
    0.07086635380983353,
    0.05049870163202286,
    0.05019180476665497,
    0.046531789004802704,
    0.025998370721936226,
    0.02206108160316944,
    0.019170435145497322
  ]
}