{
  "input_id": 16,
  "input_text": "The planet closest to the Sun is",
  "seq_len": 8,
  "hidden_size": 4096,
  "special_node_idx": 3556,
  "special_node_score": 0.08441545069217682,
  "top_k_tokens": [
    "Mercur",
    "called",
    "known",
    "Ven",
    ":",
    "...",
    "Mars",
    "not",
    "actually",
    "\n"
  ],
  "top_k_probs": [
    0.9036428928375244,
    0.05247296765446663,
    0.0054452503100037575,
    0.004398823715746403,
    0.0033681115601211786,
    0.0032909179572016,
    0.0030369095038622618,
    0.002814079402014613,
    0.0020003453828394413,
    0.0016764835454523563
  ]
}