{
  "input_id": 20,
  "input_text": "The most abundant gas in Earth's atmosphere is",
  "seq_len": 12,
  "hidden_size": 4096,
  "special_node_idx": 3556,
  "special_node_score": 0.027671828866004944,
  "top_k_tokens": [
    "nit",
    "_",
    "N",
    ":",
    "o",
    "\n",
    "...",
    "not",
    "actually",
    "?"
  ],
  "top_k_probs": [
    0.949442982673645,
    0.01762739010155201,
    0.006642633117735386,
    0.00555065181106329,
    0.005480933003127575,
    0.004685734864324331,
    0.0018978141015395522,
    0.0017101572593674064,
    0.0012620242778211832,
    0.0007443089270964265
  ]
}