{
  "input_id": 14,
  "input_text": "DNA stands for",
  "seq_len": 4,
  "hidden_size": 4096,
  "special_node_idx": 2021,
  "special_node_score": 0.084159255027771,
  "top_k_tokens": [
    "de",
    "De",
    "\"",
    "\u201c",
    "the",
    "De",
    "(",
    "D",
    "DNA",
    ":"
  ],
  "top_k_probs": [
    0.7526206374168396,
    0.21031160652637482,
    0.007661016657948494,
    0.005898565053939819,
    0.005105732008814812,
    0.001292013912461698,
    0.0010703573934733868,
    0.0009464121540077031,
    0.0008268620586022735,
    0.0006913304096087813
  ]
}