{
  "input_id": 10,
  "input_text": "Shakespeare wrote the play",
  "seq_len": 5,
  "hidden_size": 4096,
  "special_node_idx": 1360,
  "special_node_score": 0.07468834519386292,
  "top_k_tokens": [
    "in",
    "\"",
    "to",
    ",",
    "during",
    "between",
    "\u201c",
    "when",
    "around",
    "and"
  ],
  "top_k_probs": [
    0.5087699294090271,
    0.0856245830655098,
    0.05191724747419357,
    0.04060789942741394,
    0.0289872195571661,
    0.023420987650752068,
    0.023336797952651978,
    0.01761372573673725,
    0.015413123182952404,
    0.014278918504714966
  ]
}