{
  "input_id": 4,
  "input_text": "The speed of light in a vacuum is",
  "seq_len": 11,
  "hidden_size": 4096,
  "special_node_idx": 1839,
  "special_node_score": 0.7573712468147278,
  "top_k_tokens": [
    "approximately",
    "",
    "a",
    "about",
    "defined",
    "$",
    "roughly",
    "denoted",
    ":",
    "always"
  ],
  "top_k_probs": [
    0.49012088775634766,
    0.3250536620616913,
    0.1194196492433548,
    0.015014154836535454,
    0.011752466671168804,
    0.007328293286263943,
    0.0028380495496094227,
    0.0026256630662828684,
    0.00250042206607759,
    0.0024122444447129965
  ]
}