{
  "input_id": 24,
  "input_text": "The study of earthquakes is called",
  "seq_len": 9,
  "hidden_size": 4096,
  "special_node_idx": 2084,
  "special_node_score": 0.0003360604168847203,
  "top_k_tokens": [
    "se",
    "Se",
    "ge",
    "se",
    "earth",
    "pale",
    "\"",
    "s",
    "Se",
    "ne"
  ],
  "top_k_probs": [
    0.9991152882575989,
    0.000687117746565491,
    0.0001055289976648055,
    1.744856490404345e-05,
    1.554244772705715e-05,
    1.2619313565664925e-05,
    8.616620107204653e-06,
    6.711423793603899e-06,
    6.378990747180069e-06,
    3.005028929692344e-06
  ]
}