{
  "input_id": 15,
  "input_text": "The largest ocean on Earth is",
  "seq_len": 7,
  "hidden_size": 4096,
  "special_node_idx": 1360,
  "special_node_score": 0.0024265176616609097,
  "top_k_tokens": [
    "the",
    ":",
    "not",
    "called",
    "?",
    "known",
    "a",
    "also",
    "covered",
    "filled"
  ],
  "top_k_probs": [
    0.9917932152748108,
    0.0009010271169245243,
    0.0008158271666616201,
    0.0006078685983084142,
    0.0004907599650323391,
    0.0004481752694118768,
    0.00033025420270860195,
    0.0003270750166848302,
    0.00026786254602484405,
    0.0002535363018978387
  ]
}