{
  "input_id": 9,
  "input_text": "The smallest unit of matter is",
  "seq_len": 7,
  "hidden_size": 4096,
  "special_node_idx": 3556,
  "special_node_score": 0.06056833267211914,
  "top_k_tokens": [
    "an",
    "the",
    "a",
    ":",
    "called",
    "known",
    "considered",
    "not",
    "\n",
    "?"
  ],
  "top_k_probs": [
    0.4756608307361603,
    0.2955840229988098,
    0.07351384311914444,
    0.03695767745375633,
    0.02380487136542797,
    0.019024871289730072,
    0.01211947575211525,
    0.011801258660852909,
    0.009691151790320873,
    0.006040429230779409
  ]
}