{
  "input_id": 19,
  "input_text": "The freezing point of water is",
  "seq_len": 8,
  "hidden_size": 4096,
  "special_node_idx": 1839,
  "special_node_score": 0.15998099744319916,
  "top_k_tokens": [
    "",
    "$",
    "approximately",
    "a",
    "the",
    "at",
    "defined",
    "about",
    "_",
    "around"
  ],
  "top_k_probs": [
    0.9061866402626038,
    0.017859458923339844,
    0.016497965902090073,
    0.011057709343731403,
    0.004464426077902317,
    0.003927342593669891,
    0.0036114531103521585,
    0.003165547037497163,
    0.002203842159360647,
    0.0018238131888210773
  ]
}