{
  "input_id": 11,
  "input_text": "The currency of Japan is",
  "seq_len": 6,
  "hidden_size": 4096,
  "special_node_idx": 1360,
  "special_node_score": 0.04471927508711815,
  "top_k_tokens": [
    "the",
    "called",
    "known",
    "Y",
    "Japanese",
    "y",
    "named",
    "Japan",
    ":",
    "officially"
  ],
  "top_k_probs": [
    0.9111871123313904,
    0.04493895173072815,
    0.03534606099128723,
    0.0036841940600425005,
    0.0032887619454413652,
    0.0003857070114463568,
    0.00022976836771704257,
    0.00016022207273636013,
    4.628958413377404e-05,
    4.562062895274721e-05
  ]
}