{
  "input_id": 6,
  "input_text": "The human body has how many bones",
  "seq_len": 9,
  "hidden_size": 4096,
  "special_node_idx": 1360,
  "special_node_score": 0.03445016220211983,
  "top_k_tokens": [
    "?",
    "in",
    "\n",
    ",",
    "and",
    "?",
    ".",
    "altogether",
    "at",
    ""
  ],
  "top_k_probs": [
    0.9062568545341492,
    0.0346381813287735,
    0.02237475849688053,
    0.010545487515628338,
    0.004843294620513916,
    0.003575399285182357,
    0.002433717716485262,
    0.0013392616529017687,
    0.0012526928912848234,
    0.0010556882480159402
  ]
}