{
  "input_id": 2,
  "input_text": "The largest mammal on Earth is",
  "seq_len": 9,
  "hidden_size": 4096,
  "special_node_idx": 2617,
  "special_node_score": 0.013165678828954697,
  "top_k_tokens": [
    "the",
    "not",
    "a",
    "...",
    "an",
    ",",
    "none",
    "called",
    "actually",
    "also"
  ],
  "top_k_probs": [
    0.9200286865234375,
    0.028910351917147636,
    0.015437216497957706,
    0.002802529837936163,
    0.0025782042648643255,
    0.0021983005572110415,
    0.0016063336515799165,
    0.0015869259368628263,
    0.0015443923184648156,
    0.0014895653584972024
  ]
}