{
  "input_id": 2,
  "input_text": "The largest mammal on Earth is the",
  "seq_len": 10,
  "hidden_size": 4096,
  "special_node_idx": 1839,
  "special_node_score": 0.005053756758570671,
  "top_k_tokens": [
    "blue",
    "Blue",
    "wh",
    "blue",
    "_",
    "Ant",
    "African",
    "Blue",
    "ant",
    "largest"
  ],
  "top_k_probs": [
    0.9931402802467346,
    0.005601821467280388,
    0.00047288337373174727,
    0.00016600132221356034,
    0.00010481410572538152,
    9.157476597465575e-05,
    9.087711805477738e-05,
    3.710364762810059e-05,
    3.174393714289181e-05,
    2.4288465283461846e-05
  ]
}